Project URL,Project ID,Files Found
https://osf.io/e3jrc/,e3jrc,
https://osf.io/fw7vz/,fw7vz,
https://osf.io/9qdkv/,9qdkv,
https://osf.io/c4v7g/,c4v7g,
https://osf.io/zpse3/,zpse3,
https://osf.io/cvw8s/,cvw8s,
https://osf.io/g7a49/,g7a49,
https://osf.io/a9bv6/,a9bv6,
https://osf.io/4ya6x/,4ya6x,
https://osf.io/s7u23/,s7u23,
https://osf.io/ynbwu/,ynbwu,
https://osf.io/bdw5r/,bdw5r,
https://osf.io/5cpts/,5cpts,
https://osf.io/q7nc4/,q7nc4,
https://osf.io/8vapw/,8vapw,
https://osf.io/ehz9s/,ehz9s,
https://osf.io/9qbwv/,9qbwv,
https://osf.io/xh36s/,xh36s,
https://osf.io/6v3r9/,6v3r9,
https://osf.io/rmkge/,rmkge,
https://osf.io/4pfes/,4pfes,
https://osf.io/9b7mk/,9b7mk,
https://osf.io/cxy58/,cxy58,README.md
https://osf.io/z643c/,z643c,
https://osf.io/vguey/,vguey,"README.md, NAMESPACE, DESCRIPTION"
https://osf.io/q2zrp/,q2zrp,
https://osf.io/hfjgw/,hfjgw,
https://osf.io/94jyp/,94jyp,
https://osf.io/et2dz/,et2dz,
https://osf.io/uqyff/,uqyff,
https://osf.io/3ztyb/,3ztyb,
https://osf.io/jk2zf/,jk2zf,
https://osf.io/qynhu/,qynhu,
https://osf.io/n7dw9/,n7dw9,
https://osf.io/4pbzt/,4pbzt,
https://osf.io/8zkb3/,8zkb3,
https://osf.io/hrf5t/,hrf5t,
https://osf.io/w5tqv/,w5tqv,
https://osf.io/w7zkc/,w7zkc,
https://osf.io/cvwu9/,cvwu9,
https://osf.io/wcfj3/,wcfj3,
https://osf.io/9e3cu/,9e3cu,
https://osf.io/vtb9e/,vtb9e,
https://osf.io/ba6ku/,ba6ku,
https://osf.io/6krj7/,6krj7,
https://osf.io/4b9bw/,4b9bw,
https://osf.io/fdp39/,fdp39,
https://osf.io/hz843/,hz843,"README.txt, README.txt, README.txt, README.txt, README.txt, README.txt, README.txt, README.txt, README.txt, README.txt, README.txt, README.txt, README.txt, README.txt"
https://osf.io/3aryn/,3aryn,
https://osf.io/z2qs3/,z2qs3,
https://osf.io/s5gp6/,s5gp6,README.txt
https://osf.io/dh32q/,dh32q,
https://osf.io/b7krz/,b7krz,"renv.lock, README.md, README.md, README.md, README.md"
https://osf.io/kter7/,kter7,
https://osf.io/cqsr8/,cqsr8,sessionInfo.txt
https://osf.io/knygh/,knygh,
https://osf.io/wzjra/,wzjra,
https://osf.io/6b8mz/,6b8mz,
https://osf.io/5y27d/,5y27d,README.md
https://osf.io/t7a28/,t7a28,
https://osf.io/9bsxe/,9bsxe,
https://osf.io/dhmjx/,dhmjx,
https://osf.io/5ezfk/,5ezfk,
https://osf.io/r273p/,r273p,
https://osf.io/q8s3w/,q8s3w,
https://osf.io/sufjn/,sufjn,
https://osf.io/hysc3/,hysc3,
https://osf.io/ra3dp/,ra3dp,
https://osf.io/qjwht/,qjwht,
https://osf.io/y6g5b/,y6g5b,
https://osf.io/5zb8p/,5zb8p,
https://osf.io/rtzth/,rtzth,
https://osf.io/5awp4/,5awp4,
https://osf.io/abzpg/,abzpg,
https://osf.io/rs6un/,rs6un,
https://osf.io/mc26t/,mc26t,
https://osf.io/w97h4/,w97h4,
https://osf.io/p46mb/,p46mb,
https://osf.io/pvyhe/,pvyhe,
https://osf.io/6jmke/,6jmke,
https://osf.io/vwq9p/,vwq9p,
https://osf.io/43ukv/,43ukv,
https://osf.io/mj5nh/,mj5nh,
https://osf.io/zmbv5/,zmbv5,
https://osf.io/wjg7y/,wjg7y,
https://osf.io/5gkrc/,5gkrc,
https://osf.io/2n3rf/,2n3rf,
https://osf.io/pr6dg/,pr6dg,
https://osf.io/4fvwe/,4fvwe,
https://osf.io/gznuc/,gznuc,
https://osf.io/w72zj/,w72zj,
https://osf.io/b2fej/,b2fej,
https://osf.io/9jzfr/,9jzfr,
https://osf.io/tcnxy/,tcnxy,
https://osf.io/u7jj9/,u7jj9,
https://osf.io/bj27x/,bj27x,
https://osf.io/skp56/,skp56,
https://osf.io/9ges3/,9ges3,
https://osf.io/yzq59/,yzq59,
https://osf.io/jhyu9/,jhyu9,
https://osf.io/cwrj8/,cwrj8,
https://osf.io/pyts3/,pyts3,
https://osf.io/4p3x6/,4p3x6,renv.lock
https://osf.io/wzmh9/,wzmh9,README.txt
https://osf.io/ypcqn/,ypcqn,
https://osf.io/cvks7/,cvks7,".Rprofile, renv.lock"
https://osf.io/t2jka/,t2jka,
https://osf.io/97unm/,97unm,
https://osf.io/fj6bw/,fj6bw,
https://osf.io/zba46/,zba46,
https://osf.io/vsrz4/,vsrz4,
https://osf.io/u5bfj/,u5bfj,
https://osf.io/e8p5r/,e8p5r,
https://osf.io/58epj/,58epj,
https://osf.io/qwr69/,qwr69,
https://osf.io/vfqa7/,vfqa7,
https://osf.io/kwp6n/,kwp6n,
https://osf.io/398ta/,398ta,
https://osf.io/ujpyn/,ujpyn,
https://osf.io/qsj4w/,qsj4w,
https://osf.io/m6akh/,m6akh,
https://osf.io/4rpba/,4rpba,
https://osf.io/ztnw8/,ztnw8,
https://osf.io/2x74v/,2x74v,
https://osf.io/4t7nq/,4t7nq,
https://osf.io/sgkr3/,sgkr3,
https://osf.io/x69u2/,x69u2,
https://osf.io/h2jcm/,h2jcm,
https://osf.io/phaeg/,phaeg,
https://osf.io/qab34/,qab34,
https://osf.io/zfdth/,zfdth,
https://osf.io/uz9rk/,uz9rk,
https://osf.io/gmc43/,gmc43,
https://osf.io/468sz/,468sz,
https://osf.io/765py/,765py,
https://osf.io/69pcd/,69pcd,
https://osf.io/97ef4/,97ef4,
https://osf.io/uk365/,uk365,
https://osf.io/ahwqy/,ahwqy,
https://osf.io/24fxb/,24fxb,
https://osf.io/dpv8w/,dpv8w,
https://osf.io/mncjp/,mncjp,
https://osf.io/ksyq5/,ksyq5,
https://osf.io/azpk7/,azpk7,
https://osf.io/7eqmc/,7eqmc,
https://osf.io/xn69v/,xn69v,
https://osf.io/89g6m/,89g6m,
https://osf.io/27yug/,27yug,
https://osf.io/cqksz/,cqksz,
https://osf.io/qm7tj/,qm7tj,
https://osf.io/nxyh3/,nxyh3,
https://osf.io/r8q7m/,r8q7m,
https://osf.io/93g7h/,93g7h,
https://osf.io/uqmfd/,uqmfd,
https://osf.io/h4z8u/,h4z8u,
https://osf.io/p78q2/,p78q2,
https://osf.io/c7a4q/,c7a4q,
https://osf.io/tq8bv/,tq8bv,
https://osf.io/nytg2/,nytg2,
https://osf.io/fz9q5/,fz9q5,
https://osf.io/e7faz/,e7faz,
https://osf.io/qnsz7/,qnsz7,
https://osf.io/8fzns/,8fzns,
https://osf.io/ykbzh/,ykbzh,
https://osf.io/pnumg/,pnumg,
https://osf.io/88d2d/,88d2d,
https://osf.io/3esmq/,3esmq,
https://osf.io/xy47p/,xy47p,
https://osf.io/5nvgz/,5nvgz,
https://osf.io/9vk3h/,9vk3h,
https://osf.io/ft4q3/,ft4q3,
https://osf.io/v54nz/,v54nz,
https://osf.io/et3g5/,et3g5,
https://osf.io/nf482/,nf482,
https://osf.io/sy4r5/,sy4r5,
https://osf.io/kys5c/,kys5c,
https://osf.io/s52vy/,s52vy,
https://osf.io/3d647/,3d647,
https://osf.io/b3c9u/,b3c9u,
https://osf.io/v3b76/,v3b76,README.txt
https://osf.io/t9qze/,t9qze,
https://osf.io/tfrzj/,tfrzj,
https://osf.io/wc7by/,wc7by,
https://osf.io/ces89/,ces89,
https://osf.io/wn7ch/,wn7ch,
https://osf.io/x3sw2/,x3sw2,
https://osf.io/uckzx/,uckzx,
https://osf.io/u52rp/,u52rp,README.md
https://osf.io/8fd6a/,8fd6a,
https://osf.io/jyuxk/,jyuxk,
https://osf.io/qf63r/,qf63r,
https://osf.io/vdf8k/,vdf8k,
https://osf.io/zuafh/,zuafh,
https://osf.io/uq3cv/,uq3cv,
https://osf.io/fbshg/,fbshg,
https://osf.io/azhcb/,azhcb,
https://osf.io/hzncs/,hzncs,
https://osf.io/jg8c6/,jg8c6,
https://osf.io/ztcge/,ztcge,
https://osf.io/tajd9/,tajd9,
https://osf.io/9ern4/,9ern4,
https://osf.io/cht59/,cht59,
https://osf.io/7wd8e/,7wd8e,
https://osf.io/ar9wu/,ar9wu,
https://osf.io/8dznf/,8dznf,
https://osf.io/ex9fj/,ex9fj,README.txt
https://osf.io/vm2cy/,vm2cy,
https://osf.io/gy5vm/,gy5vm,
https://osf.io/92ze4/,92ze4,
https://osf.io/5zvcd/,5zvcd,
https://osf.io/mganf/,mganf,
https://osf.io/fr5ed/,fr5ed,
https://osf.io/ed4ry/,ed4ry,
https://osf.io/2wf5y/,2wf5y,
https://osf.io/r2evn/,r2evn,
https://osf.io/wk2xu/,wk2xu,
https://osf.io/mube4/,mube4,
https://osf.io/xjm6z/,xjm6z,
https://osf.io/kjpes/,kjpes,
https://osf.io/yk3es/,yk3es,
https://osf.io/qntyd/,qntyd,
https://osf.io/a6u27/,a6u27,
https://osf.io/9pvkc/,9pvkc,
https://osf.io/te5q7/,te5q7,
https://osf.io/n65xd/,n65xd,
https://osf.io/9273g/,9273g,".Rprofile, renv.lock"
https://osf.io/d9f6r/,d9f6r,
https://osf.io/8y2ga/,8y2ga,
https://osf.io/9bacu/,9bacu,"README.md, README.txt"
https://osf.io/cdy68/,cdy68,"README.txt, sessionInfo.txt"
https://osf.io/srbcf/,srbcf,
https://osf.io/d3jhz/,d3jhz,
https://osf.io/35n2u/,35n2u,
https://osf.io/h8kfc/,h8kfc,
https://osf.io/cwfqx/,cwfqx,
https://osf.io/5s34w/,5s34w,
https://osf.io/6cuxe/,6cuxe,
https://osf.io/xfz3r/,xfz3r,
https://osf.io/z6vmt/,z6vmt,
https://osf.io/gk6jh/,gk6jh,
https://osf.io/qs6hp/,qs6hp,
https://osf.io/m4v9d/,m4v9d,
https://osf.io/k2f6d/,k2f6d,
https://osf.io/4sbhn/,4sbhn,
https://osf.io/me65y/,me65y,
https://osf.io/m7846/,m7846,README.txt
https://osf.io/c7ehk/,c7ehk,
https://osf.io/9jxzs/,9jxzs,README.txt
https://osf.io/wqmkf/,wqmkf,
https://osf.io/62zxu/,62zxu,
https://osf.io/9n6j7/,9n6j7,
https://osf.io/975k3/,975k3,
https://osf.io/qjfv4/,qjfv4,
https://osf.io/qamkx/,qamkx,
https://osf.io/tne5b/,tne5b,
https://osf.io/f5et8/,f5et8,
https://osf.io/5ejcq/,5ejcq,
https://osf.io/yc8b5/,yc8b5,
https://osf.io/ae9xz/,ae9xz,
https://osf.io/g2nkw/,g2nkw,
https://osf.io/hxmqw/,hxmqw,
https://osf.io/sau4v/,sau4v,
https://osf.io/gqe6s/,gqe6s,
https://osf.io/4x625/,4x625,
https://osf.io/bqr5f/,bqr5f,
https://osf.io/9abjh/,9abjh,
https://osf.io/982gn/,982gn,
https://osf.io/y3482/,y3482,
https://osf.io/xfzqv/,xfzqv,
https://osf.io/967bh/,967bh,
https://osf.io/wspge/,wspge,
https://osf.io/8pf75/,8pf75,
https://osf.io/ajf3h/,ajf3h,
https://osf.io/kbjw9/,kbjw9,
https://osf.io/6q73b/,6q73b,
https://osf.io/f6jp3/,f6jp3,
https://osf.io/n34dz/,n34dz,
https://osf.io/bnt8u/,bnt8u,
https://osf.io/tbczv/,tbczv,
https://osf.io/mfx7s/,mfx7s,
https://osf.io/pfu7q/,pfu7q,".Rprofile, renv.lock, README.txt"
https://osf.io/5qx7e/,5qx7e,
https://osf.io/qy5sd/,qy5sd,
https://osf.io/abrz6/,abrz6,
https://osf.io/cnqta/,cnqta,
https://osf.io/nkv46/,nkv46,
https://osf.io/uszvx/,uszvx,
https://osf.io/c93vs/,c93vs,
https://osf.io/38624/,38624,
https://osf.io/df87x/,df87x,
https://osf.io/k9c5q/,k9c5q,"renv.lock, README.md"
https://osf.io/qe8fn/,qe8fn,
https://osf.io/3uyjt/,3uyjt,"Makefile, Dockerfile"
https://osf.io/tsjnb/,tsjnb,
https://osf.io/wbyj7/,wbyj7,README.txt
https://osf.io/vrenb/,vrenb,
https://osf.io/5te7n/,5te7n,
https://osf.io/xhrw6/,xhrw6,
https://osf.io/y3p4d/,y3p4d,"README.txt, README.txt"
https://osf.io/8ahe7/,8ahe7,
https://osf.io/qtbfa/,qtbfa,
https://osf.io/24mp7/,24mp7,
https://osf.io/3xzfw/,3xzfw,
https://osf.io/jdk4u/,jdk4u,
https://osf.io/pbfgz/,pbfgz,
https://osf.io/w3bj6/,w3bj6,
https://osf.io/rycu8/,rycu8,
https://osf.io/63fmz/,63fmz,
https://osf.io/3bf7m/,3bf7m,
https://osf.io/xu3rd/,xu3rd,
https://osf.io/rd573/,rd573,
https://osf.io/sha42/,sha42,
https://osf.io/gw9ek/,gw9ek,
https://osf.io/am7wf/,am7wf,
https://osf.io/9rpj6/,9rpj6,
https://osf.io/p3eu8/,p3eu8,
https://osf.io/cqh2c/,cqh2c,
https://osf.io/f34mh/,f34mh,
https://osf.io/mv2h9/,mv2h9,
https://osf.io/7zmhu/,7zmhu,
https://osf.io/mkzru/,mkzru,
https://osf.io/cvse7/,cvse7,
https://osf.io/c3b8x/,c3b8x,
https://osf.io/ek729/,ek729,
https://osf.io/st4zy/,st4zy,
https://osf.io/7s83x/,7s83x,"README.md, README.md"
https://osf.io/tpwvn/,tpwvn,
https://osf.io/vkygw/,vkygw,
https://osf.io/mjq85/,mjq85,
https://osf.io/82xah/,82xah,
https://osf.io/w56k5/,w56k5,
https://osf.io/nxc89/,nxc89,
https://osf.io/ws45y/,ws45y,
https://osf.io/jpxts/,jpxts,
https://osf.io/kw623/,kw623,
https://osf.io/3urej/,3urej,
https://osf.io/xtcmy/,xtcmy,
https://osf.io/fzvqm/,fzvqm,
https://osf.io/a3yd4/,a3yd4,
https://osf.io/adhgy/,adhgy,
https://osf.io/p5ar8/,p5ar8,
https://osf.io/yuenm/,yuenm,
https://osf.io/adgwd/,adgwd,
https://osf.io/sgkmn/,sgkmn,
https://osf.io/kea3r/,kea3r,
https://osf.io/2e9aq/,2e9aq,
https://osf.io/xsq65/,xsq65,
https://osf.io/dw89j/,dw89j,
https://osf.io/h6p3w/,h6p3w,
https://osf.io/q7rsm/,q7rsm,
https://osf.io/j53n8/,j53n8,
https://osf.io/uwhx8/,uwhx8,
https://osf.io/hgxy4/,hgxy4,
https://osf.io/v8ngh/,v8ngh,
https://osf.io/6579b/,6579b,
https://osf.io/xnhaz/,xnhaz,
https://osf.io/qndjh/,qndjh,
https://osf.io/7fs2r/,7fs2r,
https://osf.io/g8kbu/,g8kbu,
https://osf.io/dh4jq/,dh4jq,
https://osf.io/wgneh/,wgneh,
https://osf.io/hc3rq/,hc3rq,
https://osf.io/meh5w/,meh5w,
https://osf.io/m2dp5/,m2dp5,
https://osf.io/pzfex/,pzfex,
https://osf.io/ym4ju/,ym4ju,
https://osf.io/n5ahf/,n5ahf,
https://osf.io/z39us/,z39us,
https://osf.io/qg8xw/,qg8xw,
https://osf.io/bqwzd/,bqwzd,
https://osf.io/tjqau/,tjqau,README.md
https://osf.io/nx2hv/,nx2hv,
https://osf.io/jtavm/,jtavm,
https://osf.io/kywdf/,kywdf,
https://osf.io/rm2zp/,rm2zp,
https://osf.io/68vkz/,68vkz,
https://osf.io/bcxj3/,bcxj3,
https://osf.io/s7xzn/,s7xzn,
https://osf.io/7uedp/,7uedp,
https://osf.io/95gax/,95gax,
https://osf.io/f9hmg/,f9hmg,
https://osf.io/jb6s3/,jb6s3,
https://osf.io/66gf4/,66gf4,
https://osf.io/da2zc/,da2zc,
https://osf.io/bskur/,bskur,
https://osf.io/hpy5j/,hpy5j,
https://osf.io/m6p43/,m6p43,
https://osf.io/36aqt/,36aqt,
https://osf.io/fje6k/,fje6k,
https://osf.io/6jrhz/,6jrhz,
https://osf.io/f6gu3/,f6gu3,
https://osf.io/jwpa4/,jwpa4,
https://osf.io/qfceb/,qfceb,
https://osf.io/kv9u2/,kv9u2,
https://osf.io/y72vm/,y72vm,
https://osf.io/z5c4q/,z5c4q,
https://osf.io/yfegm/,yfegm,
https://osf.io/ghjy5/,ghjy5,
https://osf.io/ec7q3/,ec7q3,
https://osf.io/r68aj/,r68aj,
https://osf.io/fykpt/,fykpt,
https://osf.io/n39y5/,n39y5,
https://osf.io/p8a2b/,p8a2b,
https://osf.io/mp9td/,mp9td,
https://osf.io/b6r3n/,b6r3n,
https://osf.io/xbd3j/,xbd3j,
https://osf.io/s7bp6/,s7bp6,
https://osf.io/8eb94/,8eb94,
https://osf.io/23uex/,23uex,
https://osf.io/fa2jb/,fa2jb,
https://osf.io/37gjb/,37gjb,
https://osf.io/deku5/,deku5,
https://osf.io/efyhp/,efyhp,
https://osf.io/at6d8/,at6d8,
https://osf.io/uedws/,uedws,
https://osf.io/qpu5e/,qpu5e,
https://osf.io/qd4pf/,qd4pf,
https://osf.io/sth3j/,sth3j,
https://osf.io/98zb2/,98zb2,
https://osf.io/wybqn/,wybqn,
https://osf.io/82prw/,82prw,
https://osf.io/gwn4y/,gwn4y,
https://osf.io/g4r7e/,g4r7e,
https://osf.io/9fuzh/,9fuzh,
https://osf.io/wmp5a/,wmp5a,
https://osf.io/vek2p/,vek2p,
https://osf.io/4kzcu/,4kzcu,
https://osf.io/xay92/,xay92,
https://osf.io/zv8ju/,zv8ju,
https://osf.io/y67fz/,y67fz,
https://osf.io/y8kpr/,y8kpr,
https://osf.io/qrs9u/,qrs9u,
https://osf.io/ry64d/,ry64d,
https://osf.io/ujkh4/,ujkh4,
https://osf.io/kpgyw/,kpgyw,
https://osf.io/fz2cv/,fz2cv,
https://osf.io/25kda/,25kda,
https://osf.io/3427e/,3427e,
https://osf.io/2dpzr/,2dpzr,
https://osf.io/t3cqw/,t3cqw,
https://osf.io/swm2z/,swm2z,
https://osf.io/gzf9h/,gzf9h,
https://osf.io/jmfbq/,jmfbq,
https://osf.io/pqdng/,pqdng,
https://osf.io/67py3/,67py3,
https://osf.io/4suqx/,4suqx,
https://osf.io/9tr82/,9tr82,
https://osf.io/n8gma/,n8gma,
https://osf.io/z82bx/,z82bx,
https://osf.io/86h47/,86h47,
https://osf.io/r3vxc/,r3vxc,
https://osf.io/8vy42/,8vy42,
https://osf.io/yrhnc/,yrhnc,
https://osf.io/hkv7n/,hkv7n,
https://osf.io/q4f8e/,q4f8e,
https://osf.io/gpyk7/,gpyk7,
https://osf.io/qtyg6/,qtyg6,
https://osf.io/quvnh/,quvnh,
https://osf.io/gwxku/,gwxku,
https://osf.io/hvkmx/,hvkmx,
https://osf.io/q5c4h/,q5c4h,
https://osf.io/k9vnw/,k9vnw,
https://osf.io/uhrcs/,uhrcs,
https://osf.io/3bp72/,3bp72,
https://osf.io/bqwa5/,bqwa5,
https://osf.io/uq4pd/,uq4pd,
https://osf.io/52xtj/,52xtj,
https://osf.io/bpg6k/,bpg6k,
https://osf.io/325g7/,325g7,
https://osf.io/9nqkz/,9nqkz,
https://osf.io/buhcw/,buhcw,
https://osf.io/bh7d6/,bh7d6,
https://osf.io/8zxe7/,8zxe7,
https://osf.io/632fy/,632fy,
https://osf.io/2etrc/,2etrc,
https://osf.io/wphnq/,wphnq,
https://osf.io/t7asg/,t7asg,
https://osf.io/q57td/,q57td,
https://osf.io/ymerq/,ymerq,
https://osf.io/mgxd6/,mgxd6,
https://osf.io/a8yh5/,a8yh5,
https://osf.io/4fntj/,4fntj,
https://osf.io/7ptfu/,7ptfu,
https://osf.io/7hwxn/,7hwxn,
https://osf.io/vkcgb/,vkcgb,
https://osf.io/sk8mu/,sk8mu,
https://osf.io/4cpvm/,4cpvm,
https://osf.io/p4j8s/,p4j8s,
https://osf.io/9uhxd/,9uhxd,
https://osf.io/pt359/,pt359,
https://osf.io/7y8pf/,7y8pf,
https://osf.io/9p2gx/,9p2gx,
https://osf.io/7x9ef/,7x9ef,
https://osf.io/cjbn6/,cjbn6,
https://osf.io/gvks2/,gvks2,
https://osf.io/bmdx4/,bmdx4,
https://osf.io/q2ysd/,q2ysd,
https://osf.io/sgzph/,sgzph,
https://osf.io/26akr/,26akr,
https://osf.io/3pkwj/,3pkwj,
https://osf.io/sk5x3/,sk5x3,
https://osf.io/6vqek/,6vqek,
https://osf.io/d2r7b/,d2r7b,
https://osf.io/8x26q/,8x26q,
https://osf.io/3knq2/,3knq2,
https://osf.io/xytk8/,xytk8,
https://osf.io/pb65g/,pb65g,
https://osf.io/ejfx7/,ejfx7,
https://osf.io/m2538/,m2538,
https://osf.io/8wjmh/,8wjmh,
https://osf.io/hcgx6/,hcgx6,
https://osf.io/tgxvb/,tgxvb,
https://osf.io/wehz9/,wehz9,
https://osf.io/r234v/,r234v,
https://osf.io/fu47n/,fu47n,
https://osf.io/jwbfa/,jwbfa,
https://osf.io/34cbk/,34cbk,
https://osf.io/v42jz/,v42jz,
https://osf.io/huwap/,huwap,
https://osf.io/njhqw/,njhqw,
https://osf.io/7h94n/,7h94n,README.md
https://osf.io/t73vs/,t73vs,
https://osf.io/zu2yh/,zu2yh,
https://osf.io/72tqe/,72tqe,
https://osf.io/fc6nk/,fc6nk,
https://osf.io/bh5my/,bh5my,
https://osf.io/mwk4e/,mwk4e,
https://osf.io/un5vb/,un5vb,
https://osf.io/8rq9y/,8rq9y,
https://osf.io/85jez/,85jez,
https://osf.io/j5ze6/,j5ze6,
https://osf.io/2jbhq/,2jbhq,
https://osf.io/3uf2j/,3uf2j,
https://osf.io/zptjf/,zptjf,
https://osf.io/wy4kg/,wy4kg,
https://osf.io/f94yn/,f94yn,
https://osf.io/wfzyb/,wfzyb,
https://osf.io/7wqfa/,7wqfa,
https://osf.io/wzudp/,wzudp,
https://osf.io/dwj5b/,dwj5b,
https://osf.io/p3rh4/,p3rh4,
https://osf.io/5m7sn/,5m7sn,
https://osf.io/qe7k2/,qe7k2,
https://osf.io/yt37m/,yt37m,
https://osf.io/5jegm/,5jegm,
https://osf.io/845vy/,845vy,
https://osf.io/43vhc/,43vhc,
https://osf.io/kq5u9/,kq5u9,
https://osf.io/7xksm/,7xksm,
https://osf.io/xnfb3/,xnfb3,
https://osf.io/q3agz/,q3agz,
https://osf.io/nnzyn/,nnzyn,
https://osf.io/qzczt/,qzczt,
https://osf.io/8fsbd/,8fsbd,
https://osf.io/7f7jz/,7f7jz,
https://osf.io/a4e9y/,a4e9y,
https://osf.io/pmnye/,pmnye,
https://osf.io/xhs4w/,xhs4w,
https://osf.io/tnvds/,tnvds,
https://osf.io/bzpyv/,bzpyv,
https://osf.io/eh9zy/,eh9zy,
https://osf.io/zv3uc/,zv3uc,
https://osf.io/tsz4e/,tsz4e,
https://osf.io/erwtk/,erwtk,
https://osf.io/bg9nh/,bg9nh,
https://osf.io/98ta4/,98ta4,
https://osf.io/ph5mq/,ph5mq,
https://osf.io/sa3q6/,sa3q6,
https://osf.io/nj734/,nj734,
https://osf.io/3tgwb/,3tgwb,
https://osf.io/ksj2n/,ksj2n,
https://osf.io/rbdk4/,rbdk4,
https://osf.io/vkp9a/,vkp9a,
https://osf.io/vm825/,vm825,
https://osf.io/z4pvr/,z4pvr,
https://osf.io/pbyf4/,pbyf4,
https://osf.io/h86sn/,h86sn,
https://osf.io/jbcya/,jbcya,
https://osf.io/mvj6f/,mvj6f,
https://osf.io/svb8d/,svb8d,
https://osf.io/z25jw/,z25jw,
https://osf.io/9ck5d/,9ck5d,
https://osf.io/ga3ry/,ga3ry,
https://osf.io/w5e9z/,w5e9z,
https://osf.io/he6fh/,he6fh,
https://osf.io/r4hab/,r4hab,
https://osf.io/7k9gu/,7k9gu,
https://osf.io/9zpmd/,9zpmd,
https://osf.io/bt9ya/,bt9ya,
https://osf.io/as3w4/,as3w4,
https://osf.io/x57jy/,x57jy,
https://osf.io/gavcm/,gavcm,
https://osf.io/gmjc5/,gmjc5,
https://osf.io/q4bwp/,q4bwp,README.txt
https://osf.io/cvpyu/,cvpyu,
https://osf.io/w6qd8/,w6qd8,
https://osf.io/46bjz/,46bjz,
https://osf.io/kqn68/,kqn68,
https://osf.io/krhma/,krhma,
https://osf.io/2rz5p/,2rz5p,
https://osf.io/br58v/,br58v,
https://osf.io/5jt24/,5jt24,
https://osf.io/q3w9g/,q3w9g,
https://osf.io/q736e/,q736e,
https://osf.io/28n9e/,28n9e,
https://osf.io/g5d7u/,g5d7u,
https://osf.io/gfmtu/,gfmtu,
https://osf.io/cdg5a/,cdg5a,
https://osf.io/c8pra/,c8pra,
https://osf.io/f7qsm/,f7qsm,
https://osf.io/5fvrm/,5fvrm,
https://osf.io/myks4/,myks4,
https://osf.io/tnefx/,tnefx,
https://osf.io/htg46/,htg46,
https://osf.io/txd2z/,txd2z,
https://osf.io/pysvj/,pysvj,
https://osf.io/3yc8q/,3yc8q,
https://osf.io/35htc/,35htc,
https://osf.io/b7hm6/,b7hm6,
https://osf.io/anvg2/,anvg2,
https://osf.io/nd9yr/,nd9yr,README.md
https://osf.io/8cx6s/,8cx6s,
https://osf.io/zk98q/,zk98q,
https://osf.io/vqfw8/,vqfw8,README.md
https://osf.io/73y8p/,73y8p,
https://osf.io/jgt6z/,jgt6z,
https://osf.io/amvp5/,amvp5,
https://osf.io/3yk9a/,3yk9a,
https://osf.io/f8xw5/,f8xw5,
https://osf.io/79txw/,79txw,"README.md, README.md, README.md"
https://osf.io/74nhs/,74nhs,
https://osf.io/jshp3/,jshp3,
https://osf.io/49sq5/,49sq5,
https://osf.io/sfkjm/,sfkjm,
https://osf.io/hgy5q/,hgy5q,
https://osf.io/9p2f8/,9p2f8,
https://osf.io/a8bgt/,a8bgt,
https://osf.io/t4yc2/,t4yc2,
https://osf.io/yqgsk/,yqgsk,
https://osf.io/ky3f2/,ky3f2,
https://osf.io/5gd97/,5gd97,
https://osf.io/exguj/,exguj,
https://osf.io/uzg8f/,uzg8f,
https://osf.io/wmkf5/,wmkf5,
https://osf.io/j8gsf/,j8gsf,
https://osf.io/mu853/,mu853,
https://osf.io/9vr6q/,9vr6q,README.txt
https://osf.io/5nh94/,5nh94,
https://osf.io/6w985/,6w985,
https://osf.io/gcshv/,gcshv,
https://osf.io/aeqd2/,aeqd2,
https://osf.io/fbhxg/,fbhxg,
https://osf.io/92e6c/,92e6c,
https://osf.io/62d9c/,62d9c,
https://osf.io/95qab/,95qab,
https://osf.io/8m6fk/,8m6fk,
https://osf.io/n5j3w/,n5j3w,
https://osf.io/up3ym/,up3ym,
https://osf.io/f56b8/,f56b8,
https://osf.io/geqnb/,geqnb,
https://osf.io/mqsuw/,mqsuw,
https://osf.io/eugsz/,eugsz,
https://osf.io/usmx6/,usmx6,
https://osf.io/nct45/,nct45,
https://osf.io/63va7/,63va7,
https://osf.io/98nts/,98nts,
https://osf.io/qctkx/,qctkx,
https://osf.io/9rptq/,9rptq,
https://osf.io/5zx9g/,5zx9g,
https://osf.io/dj2fx/,dj2fx,
https://osf.io/4xmmm/,4xmmm,
https://osf.io/d3g29/,d3g29,
https://osf.io/pkvd5/,pkvd5,
https://osf.io/9gnkc/,9gnkc,
https://osf.io/thg94/,thg94,
https://osf.io/tevkh/,tevkh,
https://osf.io/hc682/,hc682,
https://osf.io/m632a/,m632a,
https://osf.io/wucba/,wucba,
https://osf.io/pgtqd/,pgtqd,
https://osf.io/mhgcx/,mhgcx,
https://osf.io/msqx2/,msqx2,
https://osf.io/f7zcr/,f7zcr,
https://osf.io/2kefc/,2kefc,
https://osf.io/wk4f9/,wk4f9,
https://osf.io/yg7ah/,yg7ah,
https://osf.io/pg9km/,pg9km,
https://osf.io/yaq83/,yaq83,
https://osf.io/kxfst/,kxfst,
https://osf.io/hxftz/,hxftz,
https://osf.io/b8fd4/,b8fd4,
https://osf.io/v2cey/,v2cey,
https://osf.io/z29sa/,z29sa,
https://osf.io/gcbh2/,gcbh2,
https://osf.io/sqfnt/,sqfnt,
https://osf.io/ypzhe/,ypzhe,"DESCRIPTION, NAMESPACE"
https://osf.io/2f37y/,2f37y,
https://osf.io/r96pb/,r96pb,
https://osf.io/mvdpe/,mvdpe,
https://osf.io/s4uy7/,s4uy7,
https://osf.io/q26ej/,q26ej,"README.md, renv.lock"
https://osf.io/nvk4u/,nvk4u,
https://osf.io/d4hjq/,d4hjq,
https://osf.io/p5xq3/,p5xq3,
https://osf.io/z842a/,z842a,
https://osf.io/3rjnk/,3rjnk,
https://osf.io/qcs7n/,qcs7n,
https://osf.io/nr2yc/,nr2yc,
https://osf.io/hu2n8/,hu2n8,
https://osf.io/xem8k/,xem8k,README.md
https://osf.io/4uqtn/,4uqtn,
https://osf.io/tw8dq/,tw8dq,
https://osf.io/8w2mg/,8w2mg,
https://osf.io/vzqg8/,vzqg8,
https://osf.io/6c3bw/,6c3bw,
https://osf.io/xrwhj/,xrwhj,
https://osf.io/yvm9k/,yvm9k,
https://osf.io/7usfe/,7usfe,README.txt
https://osf.io/qjxg9/,qjxg9,
https://osf.io/9gjyc/,9gjyc,
https://osf.io/y85bq/,y85bq,
https://osf.io/vbfnt/,vbfnt,
https://osf.io/npq24/,npq24,
https://osf.io/s4h35/,s4h35,.Rprofile
https://osf.io/wutf8/,wutf8,
https://osf.io/admyx/,admyx,
https://osf.io/4a9b6/,4a9b6,
https://osf.io/ang2u/,ang2u,
https://osf.io/hyuv5/,hyuv5,
https://osf.io/x5ckn/,x5ckn,
https://osf.io/rjqpc/,rjqpc,
https://osf.io/g5aqe/,g5aqe,
https://osf.io/y9nb5/,y9nb5,
https://osf.io/9763g/,9763g,
https://osf.io/fsbzw/,fsbzw,
https://osf.io/4n93c/,4n93c,".Rprofile, renv.lock"
https://osf.io/vtb5j/,vtb5j,
https://osf.io/g59w8/,g59w8,
https://osf.io/wur3d/,wur3d,
https://osf.io/azcn4/,azcn4,
https://osf.io/fker3/,fker3,
https://osf.io/39w5h/,39w5h,
https://osf.io/64r8m/,64r8m,
https://osf.io/b2vx9/,b2vx9,
https://osf.io/96ucr/,96ucr,
https://osf.io/fe4c5/,fe4c5,
https://osf.io/drf5z/,drf5z,
https://osf.io/2cgex/,2cgex,
https://osf.io/p8f7w/,p8f7w,
https://osf.io/se53c/,se53c,
https://osf.io/zh3f4/,zh3f4,"README.txt, README.md"
https://osf.io/2wpr3/,2wpr3,
https://osf.io/hsyj3/,hsyj3,
https://osf.io/tjbez/,tjbez,
https://osf.io/t5kuv/,t5kuv,
https://osf.io/prxte/,prxte,
https://osf.io/z2u7a/,z2u7a,
https://osf.io/w95en/,w95en,
https://osf.io/kd3en/,kd3en,
https://osf.io/vz639/,vz639,
https://osf.io/t9w2x/,t9w2x,
https://osf.io/preja/,preja,
https://osf.io/dc9m4/,dc9m4,
https://osf.io/cgujm/,cgujm,
https://osf.io/vxzc6/,vxzc6,
https://osf.io/bgkec/,bgkec,
https://osf.io/xzke7/,xzke7,"README.txt, README.md, Makefile, README.md, Dockerfile, Makefile, README.md, Dockerfile, README.md, Dockerfile, Makefile, Makefile, Dockerfile, README.md"
https://osf.io/8j2ps/,8j2ps,
https://osf.io/ruhpq/,ruhpq,
https://osf.io/3h6nu/,3h6nu,
https://osf.io/8a6uk/,8a6uk,
https://osf.io/v7d9r/,v7d9r,
https://osf.io/f3rxt/,f3rxt,
https://osf.io/phxgy/,phxgy,
https://osf.io/n56qv/,n56qv,
https://osf.io/5v76r/,5v76r,
https://osf.io/xrdhj/,xrdhj,README.txt
https://osf.io/mxsn4/,mxsn4,
https://osf.io/qf8kx/,qf8kx,
https://osf.io/n3f4z/,n3f4z,
https://osf.io/rmcuy/,rmcuy,README.txt
https://osf.io/7z3mk/,7z3mk,
https://osf.io/qj4xr/,qj4xr,
https://osf.io/pbvcz/,pbvcz,
https://osf.io/acbs5/,acbs5,
https://osf.io/gnt2c/,gnt2c,README.md
https://osf.io/3fnjq/,3fnjq,README.md
https://osf.io/bfetu/,bfetu,
https://osf.io/6mgu2/,6mgu2,
https://osf.io/ds8vz/,ds8vz,
https://osf.io/z29vm/,z29vm,
https://osf.io/wy5kr/,wy5kr,
https://osf.io/wpvj7/,wpvj7,
https://osf.io/3h7em/,3h7em,
https://osf.io/ycx4n/,ycx4n,
https://osf.io/gcn4w/,gcn4w,
https://osf.io/8wd3m/,8wd3m,
https://osf.io/69fpz/,69fpz,
https://osf.io/xw7gf/,xw7gf,
https://osf.io/29kfv/,29kfv,
https://osf.io/9xmbd/,9xmbd,
https://osf.io/u7sfy/,u7sfy,
https://osf.io/fnzsc/,fnzsc,
https://osf.io/mz47y/,mz47y,
https://osf.io/jhcx4/,jhcx4,
https://osf.io/92gza/,92gza,
https://osf.io/73dbm/,73dbm,
https://osf.io/5fude/,5fude,
https://osf.io/tg7j6/,tg7j6,
https://osf.io/dgt8x/,dgt8x,
https://osf.io/k93zv/,k93zv,
https://osf.io/86g3b/,86g3b,
https://osf.io/ygfme/,ygfme,
https://osf.io/74m5r/,74m5r,
https://osf.io/5p3eq/,5p3eq,
https://osf.io/2j47e/,2j47e,README.md
https://osf.io/x62ts/,x62ts,
https://osf.io/tnwug/,tnwug,
https://osf.io/zjgu6/,zjgu6,
https://osf.io/2ebfv/,2ebfv,
https://osf.io/gscvh/,gscvh,"README.md, README.md, README.md"
https://osf.io/ns4h9/,ns4h9,
https://osf.io/94a8q/,94a8q,"README.md, README.md, README.md, README.md, README.md"
https://osf.io/d9xn2/,d9xn2,README.txt
https://osf.io/6fzre/,6fzre,
https://osf.io/p2rtw/,p2rtw,
https://osf.io/kca3m/,kca3m,
https://osf.io/2yq8a/,2yq8a,
https://osf.io/xy9ak/,xy9ak,
https://osf.io/qpcrm/,qpcrm,
https://osf.io/my8sg/,my8sg,
https://osf.io/42nyv/,42nyv,
https://osf.io/2ms4f/,2ms4f,
https://osf.io/vy2q4/,vy2q4,
https://osf.io/fwhva/,fwhva,
https://osf.io/7xsfj/,7xsfj,
https://osf.io/xgwzf/,xgwzf,
https://osf.io/q6vke/,q6vke,
https://osf.io/duj8q/,duj8q,"README.md, README.md, README.md, README.md, README.md"
https://osf.io/he8mu/,he8mu,
https://osf.io/q3ct5/,q3ct5,
https://osf.io/uy2fm/,uy2fm,
https://osf.io/aj3bn/,aj3bn,README.md
https://osf.io/dnm8y/,dnm8y,
https://osf.io/23ztv/,23ztv,
https://osf.io/u8pqs/,u8pqs,
https://osf.io/eks6u/,eks6u,
https://osf.io/hqsxc/,hqsxc,
https://osf.io/paxhs/,paxhs,
https://osf.io/7utkf/,7utkf,
https://osf.io/qk8h2/,qk8h2,
https://osf.io/6g4js/,6g4js,
https://osf.io/t34qz/,t34qz,
https://osf.io/qbr97/,qbr97,
https://osf.io/ydm4f/,ydm4f,README.txt
https://osf.io/b78je/,b78je,
https://osf.io/e63br/,e63br,
https://osf.io/g9mr3/,g9mr3,
https://osf.io/56rqw/,56rqw,
https://osf.io/4fn73/,4fn73,README.md
https://osf.io/4fhqz/,4fhqz,
https://osf.io/h7bkr/,h7bkr,
https://osf.io/yxz78/,yxz78,
https://osf.io/cu9vx/,cu9vx,
https://osf.io/tduwk/,tduwk,
https://osf.io/4g2tu/,4g2tu,
https://osf.io/35f6y/,35f6y,
https://osf.io/n4kry/,n4kry,
https://osf.io/kzrc4/,kzrc4,
https://osf.io/tm9kr/,tm9kr,
https://osf.io/6ymqg/,6ymqg,
https://osf.io/mfqh6/,mfqh6,
https://osf.io/x72cy/,x72cy,
https://osf.io/greqt/,greqt,
https://osf.io/6gmzs/,6gmzs,
https://osf.io/eyhb2/,eyhb2,
https://osf.io/nt8ps/,nt8ps,
https://osf.io/8u3qk/,8u3qk,
https://osf.io/3uz68/,3uz68,
https://osf.io/t93pf/,t93pf,
https://osf.io/zypsm/,zypsm,
https://osf.io/bu9hp/,bu9hp,
https://osf.io/97amd/,97amd,
https://osf.io/2sz48/,2sz48,
https://osf.io/qdq5k/,qdq5k,
https://osf.io/9mc84/,9mc84,
https://osf.io/bh9cq/,bh9cq,
https://osf.io/w7pjy/,w7pjy,"DESCRIPTION, NAMESPACE, README.md"
https://osf.io/v8ucz/,v8ucz,README.md
